<?xml version="1.0" encoding="UTF-8"?>
<project-private xmlns="http://www.netbeans.org/ns/project-private/1">
    <editor-bookmarks xmlns="http://www.netbeans.org/ns/editor-bookmarks/2" lastBookmarkId="0"/>
    <open-files xmlns="http://www.netbeans.org/ns/projectui-open-files/2">
        <group>
            <file>file:/mnt/HD-500/projetos/ads20192-modulo3/pp/PpSingletonDecoratorTemplateColaborador/src/generic/HeaderDoProjeto.java</file>
            <file>file:/mnt/HD-500/projetos/ads20192-modulo3/pp/PpSingletonDecoratorTemplateColaborador/src/bll/NewClass.java</file>
            <file>file:/mnt/HD-500/projetos/ads20192-modulo3/pp/PpSingletonDecoratorTemplateColaborador/src/view/JFramePrincipal.java</file>
            <file>file:/mnt/HD-500/projetos/ads20192-modulo3/pp/PpSingletonDecoratorTemplateColaborador/src/util/mit-license-header.txt</file>
            <file>file:/mnt/HD-500/projetos/ads20192-modulo3/pp/PpSingletonDecoratorTemplateColaborador/src/dal/HeaderPersonalizado.java</file>
            <file>file:/mnt/HD-500/projetos/ads20192-modulo3/pp/PpSingletonDecoratorTemplateColaborador/src/model/Model.java</file>
        </group>
    </open-files>
</project-private>
